{
  "type": "summary",
  "metrics": {
    "total": 100,
    "total_attempted": 100,
    "avg_score_attempted": 0.5920000000000001,
    "avg_score_total": 0.5920000000000001,
    "per_model": [
      {
        "model_name": "minimax/minimax-m2",
        "total": 100,
        "total_attempted": 100,
        "avg_score_attempted": 0.5920000000000001,
        "avg_score_total": 0.5920000000000001,
        "metrics": {
          "rubric_check": 59.20000000000001
        }
      }
    ],
    "by_metric": {
      "rubric_check": {
        "avg_score_attempted": 0.5920000000000001,
        "avg_score_total": 0.5920000000000001,
        "pass_rate": 59.20000000000001
      }
    },
    "metrics": {
      "rubric_check": 59.20000000000001
    }
  },
  "gates_passed": false
}